BondName,ISIN,Coupon,IssueDate,MaturityDate,TKData
CAN 0.25 Mar 26,CA135087L518,0.25%,2020-10-09,2026-03-01,"1,576,014,761,330,180"
CAN 1 Sep 26,CA135087L930,1.00%,2021-04-16,2026-09-01,"11,111,410,141,330,100"
CAN 1.25 Mar 27,CA135087M847,1.25%,2021-10-15,2027-03-01,"11,143,294,631,330,100"
CAN 2.75 Sep 27,CA135087N837,2.75%,2022-05-13,2027-09-01,"11,190,368,431,330,100"
CAN 3.5 Mar 28,CA135087P576,3.50%,2022-10-21,2028-03-01,"11,226,513,361,330,100"
CAN 3.25 Sep 28,CA135087Q491,3.25%,2023-04-21,2028-09-01,"11,265,286,991,330,100"
CAN 4 Mar 29,CA135087Q988,4.00%,2023-10-13,2029-03-01,"11,303,287,411,330,100"
CAN 3.5 Sep 29,CA135087R895,3.50%,2024-04-08,2029-09-01,"11,343,879,591,330,100"
CAN 2.75 Mar 30,CA135087S471,2.75%,2024-10-03,2030-03-01,"11,389,131,051,330,100"
CAN 2.75 Sep 30,CA135087T388,2.75%,2025-04-10,2030-09-01,"11,443,896,231,330,100"
